Model,Best Params,Validation Accuracy,Train Accuracy,Test Accuracy,Train Loss,Validation Loss,Test Loss,Train Error,Validation Error,Test Error
RandomForest,"{'max_depth': None, 'min_samples_leaf': 1, 'min_samples_split': 2, 'n_estimators': 500}",0.9553733056647092,0.9997871248370914,0.9555504045387816,0.04272786427654761,0.1434460300309795,0.14436795420990353,0.00021287516290857678,0.04462669433529076,0.044449595461218405
LogisticRegression,"{'C': 0.1, 'penalty': 'l2'}",0.8323546293434588,0.832410480080798,0.8344536794816605,0.3778807673402726,0.37836245413384306,0.3766184687837761,0.167589519919202,0.16764537065654117,0.1655463205183395
XGBoost,"{'learning_rate': 0.2, 'max_depth': 7, 'n_estimators': 500}",0.956565411276436,0.9741664163412436,0.9570515579986092,0.07633683274927842,0.11425579992220189,0.11427539822170886,0.02583358365875643,0.04343458872356398,0.04294844200139081
GradientBoosting,"{'learning_rate': 0.2, 'max_depth': 7, 'n_estimators': 500}",0.9635083226632523,0.9821705224666082,0.9644800600461384,0.05918832777996129,0.10586941515590921,0.10479847084539,0.017829477533391813,0.03649167733674774,0.0355199399538616
