Model,Best Params,Validation Accuracy,Train Accuracy,Test Accuracy,Train Loss,Validation Loss,Test Loss,Train Error,Validation Error,Test Error
RandomForest,"{'max_depth': None, 'min_samples_leaf': 1, 'min_samples_split': 2, 'n_estimators': 500}",0.9553195039208053,0.9997735712344896,0.9554312281716459,0.04332562747696124,0.14543180203489411,0.1456727251422538,0.00022642876551037805,0.044680496079194665,0.04456877182835406
LogisticRegression,"{'C': 0.1, 'penalty': None}",0.8265057560758579,0.8267104905638791,0.827241785865237,0.3877977629846241,0.39015948548514895,0.38821110647618273,0.17328950943612087,0.17349424392414214,0.172758214134763
XGBoost,"{'learning_rate': 0.2, 'max_depth': 7, 'n_estimators': 500}",0.9551971525499138,0.9719752692118849,0.9549529508597869,0.08149133872208643,0.11668335680042762,0.11895851914237413,0.02802473078811507,0.044802847450086225,0.04504704914021307
GradientBoosting,"{'learning_rate': 0.2, 'max_depth': 7, 'n_estimators': 500}",0.9638618541794116,0.9817593753426225,0.963650924298712,0.05975249324188321,0.10380623481570639,0.10580099350589467,0.018240624657377524,0.036138145820588385,0.03634907570128798
