Model,Best Params,Validation Accuracy,Train Accuracy,Test Accuracy,Train Loss,Validation Loss,Test Loss,Train Error,Validation Error,Test Error
RandomForest,"{'max_depth': 10, 'min_samples_leaf': 1, 'min_samples_split': 5, 'n_estimators': 500}",0.8054681353265145,0.8368740515933232,0.8013375295043274,0.3722308618800424,0.4104253979818016,0.4259289623945371,0.16312594840667682,0.1945318646734855,0.19866247049567265
LogisticRegression,"{'C': 0.1, 'penalty': 'l2'}",0.8068450039339103,0.8071994604619794,0.8007474429583006,0.4170246708894011,0.40775751003012073,0.42467867130342046,0.19280053953802057,0.19315499606608966,0.19925255704169942
XGBoost,"{'learning_rate': 0.1, 'max_depth': 3, 'n_estimators': 100}",0.810582218725413,0.813901534311246,0.80507474429583,0.402332485953957,0.4005549222625423,0.41865025731619687,0.186098465688754,0.18941778127458697,0.19492525570416996
GradientBoosting,"{'learning_rate': 0.1, 'max_depth': 3, 'n_estimators': 100}",0.809008654602675,0.8152082279548137,0.8038945712037766,0.40162494246393704,0.4006065384365354,0.4185706681052945,0.18479177204518626,0.19099134539732499,0.1961054287962234
